{"pitch": [-1.8282382828473251, 7.23414347744024, 211.69748147432426, 80.340579439785], "energy": [-1.1516190767288208, 11.769305229187012, 14.38034514446572, 12.463058875459097]}